n,relation,j,up_card,down_card,up_nodes,down_nodes,rel_card,rel_nodes,t_bnd_s
2,dec,1,0,4,0,5,12,2,0.000015
2,dec,2,0,4,0,5,12,2,0.000000
2,inc,1,4,0,5,0,12,2,0.000003
2,inc,2,4,0,5,0,12,2,0.000000
2,restart,1,6,0,5,0,12,2,0.000002
2,restart,2,6,0,5,0,12,2,0.000000
2,loop,1,6,4,5,5,24,2,0.000002
2,loop,2,6,4,5,5,24,2,0.000000
3,dec,1,0,9,0,9,54,3,0.000016
3,dec,2,0,9,0,9,54,3,0.000000
3,inc,1,9,0,9,0,54,3,0.000005
3,inc,2,9,0,9,0,54,3,0.000000
3,restart,1,12,0,9,0,54,3,0.000003
3,restart,2,12,0,9,0,54,3,0.000000
3,loop,1,12,9,9,9,108,3,0.000003
3,loop,2,12,9,9,9,108,3,0.000000
4,dec,1,0,16,0,13,216,4,0.000023
4,dec,2,16,16,13,13,216,4,0.000026
4,inc,1,16,0,13,0,216,4,0.000005
4,inc,2,16,16,13,13,216,4,0.000005
4,restart,1,20,0,13,0,216,4,0.000008
4,restart,2,20,28,13,15,216,4,0.000005
4,loop,1,20,16,13,13,432,4,0.000004
4,loop,2,36,44,24,25,432,4,0.000004
5,dec,1,0,25,0,17,810,5,0.000027
5,dec,2,130,25,27,17,810,5,0.000071
5,inc,1,25,0,17,0,810,5,0.000007
5,inc,2,25,130,17,27,810,5,0.000010
5,restart,1,30,0,17,0,810,5,0.000005
5,restart,2,30,210,17,34,810,5,0.000010
5,loop,1,30,25,17,17,1620,5,0.000005
5,loop,2,160,235,39,44,1620,5,0.000007
6,dec,1,0,36,0,21,2916,6,0.000026
6,dec,2,576,36,41,21,2916,6,0.000105
6,inc,1,36,0,21,0,2916,6,0.000009
6,inc,2,36,576,21,41,2916,6,0.000014
6,restart,1,42,0,21,0,2916,6,0.000006
6,restart,2,42,882,21,53,2916,6,0.000018
6,loop,1,42,36,21,21,5832,6,0.000006
6,loop,2,618,918,54,63,5832,6,0.000009
7,dec,1,0,49,0,25,10206,7,0.000036
7,dec,2,1869,49,55,25,10206,7,0.000125
7,inc,1,49,0,25,0,10206,7,0.000010
7,inc,2,49,1869,25,55,10206,7,0.000017
7,restart,1,56,0,25,0,10206,7,0.000007
7,restart,2,56,2751,25,72,10206,7,0.000018
7,loop,1,56,49,25,25,20412,7,0.000007
7,loop,2,1925,2800,69,82,20412,7,0.000011
8,dec,1,0,64,0,29,34992,8,0.000034
8,dec,2,4984,64,69,29,34992,8,0.000133
8,inc,1,64,0,29,0,34992,8,0.000012
8,inc,2,64,4984,29,69,34992,8,0.000019
8,restart,1,72,0,29,0,34992,8,0.000007
8,restart,2,72,7112,29,91,34992,8,0.000020
8,loop,1,72,64,29,29,69984,8,0.000006
8,loop,2,5056,7176,84,101,69984,8,0.000013
9,dec,1,0,81,0,33,118098,9,0.000037
9,dec,2,11592,81,83,33,118098,9,0.000203
9,inc,1,81,0,33,0,118098,9,0.000010
9,inc,2,81,11592,33,83,118098,9,0.000023
9,restart,1,90,0,33,0,118098,9,0.000007
9,restart,2,90,16128,33,110,118098,9,0.000027
9,loop,1,90,81,33,33,236196,9,0.000007
9,loop,2,11682,16209,99,120,236196,9,0.000015
10,dec,1,0,100,0,37,393660,10,0.000037
10,dec,2,24360,100,97,37,393660,10,0.000210
10,inc,1,100,0,37,0,393660,10,0.000011
10,inc,2,100,24360,37,97,393660,10,0.000025
10,restart,1,110,0,37,0,393660,10,0.000010
10,restart,2,110,33180,37,129,393660,10,0.000027
10,loop,1,110,100,37,37,787320,10,0.000008
10,loop,2,24470,33280,114,139,787320,10,0.000017
11,dec,1,0,121,0,41,1299078,11,0.000042
11,dec,2,47322,121,111,41,1299078,11,0.000231
11,inc,1,121,0,41,0,1299078,11,0.000012
11,inc,2,121,47322,41,111,1299078,11,0.000029
11,restart,1,132,0,41,0,1299078,11,0.000009
11,restart,2,132,63294,41,148,1299078,11,0.000032
11,loop,1,132,121,41,41,2598156,11,0.000009
11,loop,2,47454,63415,129,158,2598156,11,0.000021
12,dec,1,0,144,0,45,4251528,12,0.000055
12,dec,2,86328,144,125,45,4251528,12,0.000255
12,inc,1,144,0,45,0,4251528,12,0.000014
12,inc,2,144,86328,45,125,4251528,12,0.000034
12,restart,1,156,0,45,0,4251528,12,0.000011
12,restart,2,156,113652,45,167,4251528,12,0.000039
12,loop,1,156,144,45,45,8503056,12,0.000010
12,loop,2,86484,113796,144,177,8503056,12,0.000023
13,dec,1,0,169,0,49,13817466,13,0.000058
13,dec,2,149578,169,139,49,13817466,13,0.000286
13,inc,1,169,0,49,0,13817466,13,0.000015
13,inc,2,169,149578,49,139,13817466,13,0.000038
13,restart,1,182,0,49,0,13817466,13,0.000011
13,restart,2,182,194194,49,186,13817466,13,0.000043
13,loop,1,182,169,49,49,27634932,13,0.000011
13,loop,2,149760,194363,159,196,27634932,13,0.000028
14,dec,1,0,196,0,53,44641044,14,0.000062
14,dec,2,248248,196,153,53,44641044,14,0.000310
14,inc,1,196,0,53,0,44641044,14,0.000016
14,inc,2,196,248248,53,153,44641044,14,0.000042
14,restart,1,210,0,53,0,44641044,14,0.000014
14,restart,2,210,318318,53,205,44641044,14,0.000086
14,loop,1,210,196,53,53,89282088,14,0.000011
14,loop,2,248458,318514,174,215,89282088,14,0.000029
15,dec,1,0,225,0,57,143489070,15,0.000066
15,dec,2,397215,225,167,57,143489070,15,0.000378
15,inc,1,225,0,57,0,143489070,15,0.000016
15,inc,2,225,397215,57,167,143489070,15,0.000044
15,restart,1,240,0,57,0,143489070,15,0.000012
15,restart,2,240,503685,57,224,143489070,15,0.000052
15,loop,1,240,225,57,57,286978140,15,0.000012
15,loop,2,397455,503910,189,234,286978140,15,0.000032
16,dec,1,0,256,0,61,459165024,16,0.000071
16,dec,2,615888,256,181,61,459165024,16,0.000399
16,inc,1,256,0,61,0,459165024,16,0.000018
16,inc,2,256,615888,61,181,459165024,16,0.000049
16,restart,1,272,0,61,0,459165024,16,0.000013
16,restart,2,272,773136,61,243,459165024,16,0.000050
16,loop,1,272,256,61,61,918330048,16,0.000012
16,loop,2,616160,773392,204,253,918330048,16,0.000032
17,dec,1,0,289,0,65,1463588514,17,0.000072
17,dec,2,929152,289,195,65,1463588514,17,0.000430
17,inc,1,289,0,65,0,1463588514,17,0.000018
17,inc,2,289,929152,65,195,1463588514,17,0.000049
17,restart,1,306,0,65,0,1463588514,17,0.000015
17,restart,2,306,1155728,65,262,1463588514,17,0.000054
17,loop,1,306,289,65,65,2927177028,17,0.000013
17,loop,2,929458,1156017,219,272,2927177028,17,0.000038
18,dec,1,0,324,0,69,4649045868,18,0.000076
18,dec,2,1368432,324,209,69,4649045868,18,0.000457
18,inc,1,324,0,69,0,4649045868,18,0.000020
18,inc,2,324,1368432,69,209,4649045868,18,0.000053
18,restart,1,342,0,69,0,4649045868,18,0.000015
18,restart,2,342,1687896,69,281,4649045868,18,0.000055
18,loop,1,342,324,69,69,9298091736,18,0.000014
18,loop,2,1368774,1688220,234,291,9298091736,18,0.000038
19,dec,1,0,361,0,73,14721978582,19,0.000072
19,dec,2,1972884,361,223,73,14721978582,19,0.000481
19,inc,1,361,0,73,0,14721978582,19,0.000021
19,inc,2,361,1972884,73,223,14721978582,19,0.000057
19,restart,1,380,0,73,0,14721978582,19,0.000016
19,restart,2,380,2414748,73,300,14721978582,19,0.000061
19,loop,1,380,361,73,73,29443957164,19,0.000016
19,loop,2,1973264,2415109,249,310,29443957164,19,0.000046
20,dec,1,0,400,0,77,46490458680,20,0.000075
20,dec,2,2790720,400,237,77,46490458680,20,0.000507
20,inc,1,400,0,77,0,46490458680,20,0.000023
20,inc,2,400,2790720,77,237,46490458680,20,0.000060
20,restart,1,420,0,77,0,46490458680,20,0.000016
20,restart,2,420,3391500,77,319,46490458680,20,0.000066
20,loop,1,420,400,77,77,92980917360,20,0.000015
20,loop,2,2791140,3391900,264,329,92980917360,20,0.000049
21,dec,1,0,441,0,81,146444944842,21,0.000082
21,dec,2,3880674,441,251,81,146444944842,21,0.000538
21,inc,1,441,0,81,0,146444944842,21,0.000023
21,inc,2,441,3880674,81,251,146444944842,21,0.000064
21,restart,1,462,0,81,0,146444944842,21,0.000018
21,restart,2,462,4685058,81,338,146444944842,21,0.000068
21,loop,1,462,441,81,81,292889889684,21,0.000016
21,loop,2,3881136,4685499,279,348,292889889684,21,0.000050
22,dec,1,0,484,0,85,460255540932,22,0.000085
22,dec,2,5313616,484,265,85,460255540932,22,0.000563
22,inc,1,484,0,85,0,460255540932,22,0.000026
22,inc,2,484,5313616,85,265,460255540932,22,0.000069
22,restart,1,506,0,85,0,460255540932,22,0.000019
22,restart,2,506,6375754,85,357,460255540932,22,0.000074
22,loop,1,506,484,85,85,920511081864,22,0.000018
22,loop,2,5314122,6376238,294,367,920511081864,22,0.000055
